{
    "trans": [
        -0.011742700822651386,
        0.027349399402737617,
        0.10286742448806763
    ],
    "rot": [
        1.5524731874465942,
        0.10017038881778717,
        0.2504940629005432
    ],
    "thetas": [
        0.0792856365442276,
        -0.02394704706966877,
        0.3674817383289337,
        0.06694401800632477,
        0.06852598488330841,
        0.19687995314598083,
        -0.12203343212604523,
        0.09672009944915771,
        0.2020847499370575,
        -0.11589916050434113,
        -0.023199457675218582,
        0.5747787952423096,
        -0.14387767016887665,
        -0.045604899525642395,
        0.10790503770112991,
        -0.022056998685002327,
        0.09589880704879761,
        0.3055274188518524,
        -0.18372853100299835,
        0.17539659142494202,
        0.41582685708999634,
        -0.2494233101606369,
        0.034449148923158646,
        0.3254906237125397,
        -0.3640345633029938,
        0.044234734028577805,
        -0.026722505688667297,
        0.03479551896452904,
        0.04978669062256813,
        0.4664442837238312,
        -0.24759511649608612,
        0.03818840906023979,
        0.03157198429107666,
        -0.16505053639411926,
        0.13036130368709564,
        0.34289127588272095,
        1.2709728479385376,
        0.5151541829109192,
        0.21121397614479065,
        -0.4943874776363373,
        0.11569440364837646,
        -0.08899808675050735,
        0.5451079607009888,
        0.11994718015193939,
        0.19520917534828186
    ]
}